-1,-1,-1,-1,-1,-1,-1,-1,-1,-1,100,248,248,248,248,248,248,248,248,248,248,248,248,248,248,248,248,248,248,248,248,102,-1,-1,-1,-1,-1,-1,-1,-1,-1,-1,-1,-1,-1,-1,-1,-1,-1,-1,-1,-1,-1,-1,-1,-1,-1,-1,-1,-1,-1,-1,-1,-1,-1,-1,-1,-1,-1,-1,-1,-1,-1,-1,-1,-1,-1,-1,-1,-1,-1,-1,-1,-1,-1,-1,-1,-1,-1,-1,-1,-1,-1,-1,-1,-1,-1,-1,-1,-1,-1,-1
-1,-1,-1,-1,-1,-1,-1,-1,-1,-1,201,2705,2705,2705,2705,2705,2705,2705,2705,2705,2705,2705,2705,2705,2705,2705,2705,2705,2705,2705,2705,99,-1,-1,-1,-1,-1,-1,-1,-1,-1,-1,-1,-1,-1,-1,-1,-1,-1,-1,-1,-1,-1,-1,-1,-1,-1,-1,-1,-1,-1,-1,-1,-1,-1,-1,-1,-1,-1,-1,-1,-1,-1,-1,-1,-1,-1,-1,-1,-1,-1,-1,-1,-1,-1,-1,-1,-1,-1,-1,-1,-1,-1,-1,-1,-1,-1,-1,-1,-1,-1,-1
-1,-1,-1,-1,-1,-1,-1,-1,-1,-1,201,2803,2803,2803,2803,2803,2803,2803,2803,2803,2803,2803,2803,2803,2803,2803,2803,2803,2803,2803,2803,99,-1,-1,-1,-1,-1,-1,-1,-1,-1,-1,-1,-1,-1,-1,-1,-1,-1,-1,-1,-1,-1,-1,-1,-1,-1,-1,-1,-1,-1,-1,-1,-1,-1,-1,-1,-1,-1,-1,-1,-1,-1,-1,-1,-1,-1,-1,-1,-1,-1,-1,-1,-1,-1,-1,-1,-1,-1,-1,-1,-1,-1,-1,-1,-1,-1,-1,-1,-1,-1,-1
-1,-1,-1,-1,-1,-1,-1,-1,-1,-1,201,1827,1830,934,933,933,933,933,933,933,933,933,933,933,933,933,933,933,933,933,936,109,248,248,248,248,248,248,248,248,248,248,248,248,248,248,248,248,248,248,248,248,248,248,248,248,248,248,248,248,248,248,248,248,248,248,248,248,248,248,248,248,248,102,-1,-1,-1,-1,-1,-1,-1,-1,-1,-1,-1,-1,-1,-1,-1,-1,-1,-1,-1,-1,-1,-1,-1,-1,-1,-1,-1,-1
-1,-1,-1,-1,-1,-1,-1,-1,-1,-1,201,2121,1879,1130,984,1227,1227,1227,1227,1227,1227,1227,1227,1227,1227,1227,1227,1227,1227,1227,985,346,2704,2705,2705,2705,2705,2705,2705,2705,2705,2705,2705,2705,2705,2705,2705,2705,2705,2705,2705,2705,2705,2705,2705,2705,2705,2705,2705,2705,2705,2705,2705,2705,2705,2705,2705,2705,2705,2705,2705,2705,2706,197,-1,-1,-1,-1,-1,-1,-1,-1,-1,-1,-1,-1,-1,-1,-1,-1,-1,-1,-1,-1,-1,-1,-1,-1,-1,-1,-1,-1
-1,-1,-1,-1,-1,-1,-1,-1,-1,-1,201,2025,2026,298,981,1227,1227,1227,1227,1227,1227,1227,1227,1227,1227,1227,1227,1227,1227,1227,985,346,2753,2754,2754,2754,2754,2754,2754,2754,2754,2754,2754,2754,2754,2754,2754,2754,2754,2754,2754,2754,2754,2754,2754,2754,2754,2754,2754,2754,2754,2754,2754,2754,2754,2754,2754,2754,2754,2754,2754,2754,2755,197,-1,-1,-1,-1,-1,-1,-1,-1,-1,-1,-1,-1,-1,-1,-1,-1,-1,-1,-1,-1,-1,-1,-1,-1,-1,-1,-1,-1
-1,-1,-1,-1,-1,-1,-1,-1,-1,-1,201,1227,1034,346,981,1227,1227,1227,1227,1227,1227,1227,1227,1227,1227,1227,982,1131,1131,1131,1132,346,2753,2754,2754,2754,2754,2754,2754,2754,2754,2754,2754,2754,2754,2754,2754,2754,2754,2754,2754,2754,2754,2754,2754,2754,2754,2754,2754,2754,2754,2754,2754,2754,2754,2754,2754,2754,2754,2754,2754,2754,2755,197,-1,-1,-1,-1,-1,-1,-1,-1,-1,-1,-1,-1,-1,-1,-1,-1,-1,-1,-1,-1,-1,-1,-1,-1,-1,-1,-1,-1
-1,-1,-1,-1,-1,-1,-1,-1,-1,-1,201,1227,1034,347,981,1227,1227,1227,1227,1227,1227,1227,1227,1227,1227,1227,1083,50,52,52,52,107,2802,2803,2803,2803,2803,2803,2803,2803,2803,2803,2803,2803,2803,2803,2803,2803,2803,2803,2803,2803,2803,2803,2803,2803,2803,2803,2803,2803,2803,2803,2803,2803,2803,2803,2803,2803,2803,2803,2803,2803,2804,197,-1,-1,-1,-1,-1,-1,-1,-1,-1,-1,-1,-1,-1,-1,-1,-1,-1,-1,-1,-1,-1,-1,-1,-1,-1,-1,-1,-1
-1,-1,-1,-1,-1,-1,-1,-1,-1,-1,201,1227,985,2702,981,1227,1227,1227,1227,1227,1227,1227,1227,1227,1227,1227,1083,148,-1,-1,-1,103,956,958,958,958,958,958,958,958,958,958,958,958,958,958,958,958,958,958,958,958,958,958,958,958,958,958,958,958,958,958,958,958,958,958,958,958,958,958,958,958,960,197,-1,-1,-1,-1,-1,-1,-1,-1,-1,-1,-1,-1,-1,-1,-1,-1,-1,-1,-1,-1,-1,-1,-1,-1,-1,-1,-1,-1
-1,-1,-1,-1,-1,-1,-1,-1,-1,-1,201,1227,985,2800,981,1227,1227,1227,1227,1227,1227,1227,1227,1227,1227,1227,1083,148,-1,-1,-1,103,1005,1251,1251,1251,1251,1251,1251,1251,1251,1251,1251,1251,1251,1251,1251,1251,1251,1251,1251,1251,1251,1251,1251,1251,1251,1251,1251,1251,1251,1251,1251,1251,1251,1251,1251,1251,1251,1251,1251,1251,1009,148,-1,-1,-1,-1,-1,-1,-1,-1,-1,-1,-1,-1,-1,-1,-1,-1,-1,-1,-1,-1,-1,-1,-1,-1,-1,-1,-1,-1
-1,-1,-1,-1,-1,-1,-1,-1,-1,-1,201,1227,1080,934,1082,1227,1227,1227,1227,1227,1227,1227,1227,1227,1227,1227,1083,148,-1,-1,-1,103,1005,1251,1251,1251,1251,1251,1251,1251,1251,1251,1251,1251,1251,1251,1251,1251,1251,1251,1251,1251,1251,1251,1251,1251,1251,1251,1251,1251,1251,1251,1251,1251,1251,1251,1251,1251,1251,1251,1104,1251,1009,148,-1,-1,-1,-1,-1,-1,-1,-1,-1,-1,-1,-1,-1,-1,-1,-1,-1,-1,-1,-1,-1,-1,-1,-1,-1,-1,-1,-1
-1,-1,-1,-1,-1,-1,-1,-1,-1,-1,201,1227,982,1129,1130,1130,984,1227,1227,1227,1227,1227,1227,1227,1227,1227,1083,148,-1,-1,-1,103,1005,1251,1106,1251,1251,1251,1251,1251,1251,1251,1251,1251,1251,1251,1251,1251,1251,1251,1251,1251,1251,1251,1251,1251,1251,1251,1251,1251,1251,1251,1251,1251,1251,1251,1251,1251,1251,1251,1251,1104,1009,148,-1,-1,-1,-1,-1,-1,-1,-1,-1,-1,-1,-1,-1,-1,-1,-1,-1,-1,-1,-1,-1,-1,-1,-1,-1,-1,-1,-1
-1,-1,-1,-1,-1,-1,-1,-1,-1,-1,198,52,52,52,52,54,1128,984,1227,1227,1227,1227,1227,1227,1227,1227,1083,148,-1,-1,-1,103,1005,1106,1106,1106,1106,1251,1251,1251,1251,1251,1251,1251,1251,1251,1251,1251,1251,1251,1251,1251,1251,1251,1251,1251,1251,1251,1251,1251,1251,1251,1251,1251,1251,1251,1251,1251,1251,1251,1251,1251,1009,148,-1,-1,-1,-1,-1,-1,-1,-1,-1,-1,-1,-1,-1,-1,-1,-1,-1,-1,-1,-1,-1,-1,-1,-1,-1,-1,-1,-1
-1,100,248,248,248,248,248,248,248,248,248,248,248,248,248,354,54,1128,984,982,1131,1131,1131,1131,1131,1131,1132,148,-1,-1,-1,103,1005,1447,1595,1595,1595,1595,1595,1595,1595,1449,1692,1251,1251,1251,1251,1251,1251,1251,1251,1251,1251,1251,1251,1251,1251,1251,1251,1251,1251,1251,1692,1447,1595,1595,1595,1595,1595,1595,1595,1449,1598,148,-1,-1,-1,-1,-1,-1,-1,-1,-1,-1,-1,-1,-1,-1,-1,-1,-1,-1,-1,-1,-1,-1,-1,-1,-1,-1,-1,-1
-1,201,2705,2705,2705,2705,2705,2705,2705,2705,2705,2705,2705,2705,2706,246,59,299,1446,1450,295,296,296,296,296,296,296,203,247,247,247,250,1495,1499,50,53,53,53,53,53,54,1495,1692,1692,1006,1153,1153,1153,1153,1153,1251,1251,1251,1251,1251,1251,1153,1153,1153,1153,1153,1449,1692,1499,50,51,51,51,51,51,54,1495,1499,148,-1,-1,-1,-1,-1,-1,-1,-1,-1,-1,-1,-1,-1,-1,-1,-1,-1,-1,-1,-1,-1,-1,-1,-1,-1,-1,-1,-1
-1,201,2803,2803,2803,2803,2803,2803,2803,2803,2803,2803,2803,2803,2804,2704,2705,2706,1446,1450,346,2704,2705,2705,2705,2705,2705,2705,2705,2705,2705,2706,1495,1499,246,248,248,248,248,248,250,1495,1692,1692,1058,50,52,52,52,52,1483,1680,1680,1680,1680,1438,52,52,52,52,54,1495,1692,1499,246,248,248,248,248,248,250,1495,1499,148,-1,-1,-1,-1,-1,-1,-1,-1,-1,-1,-1,-1,-1,-1,-1,-1,-1,-1,-1,-1,-1,-1,-1,-1,-1,-1,-1,-1
-1,201,2992,2993,2993,2993,2993,2993,2993,2993,2993,2993,2993,2993,2994,2802,2803,2804,1446,1450,346,2802,2803,2803,2803,2803,2803,2803,2803,2803,2803,2804,1005,1545,1399,1399,1399,1399,1399,1399,1399,1547,1692,1692,1058,99,1630,1631,1631,1631,1441,1680,1680,1680,1680,1439,1631,1631,1631,1632,103,1495,1692,1545,1398,1398,1398,1398,1398,1398,1398,1547,1454,148,-1,-1,-1,-1,-1,-1,-1,-1,-1,-1,-1,-1,-1,-1,-1,-1,-1,-1,-1,-1,-1,-1,-1,-1,-1,-1,-1,-1
-1,201,3041,3042,3042,3042,3042,3042,3042,3042,3042,3042,3042,3042,3042,1399,1399,1399,1547,1450,346,1397,1398,1398,1398,1398,1398,1398,1398,1398,1398,1398,1547,1692,1692,1692,1692,1692,1692,1692,1692,1692,1692,1692,1104,1386,1442,701,701,701,1434,1680,1680,1680,1680,1536,701,701,701,1588,1387,1547,1251,1251,1251,1251,1251,1251,1251,1251,1251,1251,1499,148,-1,-1,-1,-1,-1,-1,-1,-1,100,248,248,248,248,248,248,248,248,248,248,248,248,248,248,248,248,248,248,102
-1,201,3041,3042,3042,3042,3042,3042,3042,3042,3042,3042,3042,3042,3042,1595,1595,1595,1595,1597,346,1446,1447,1595,1595,1595,1595,1595,1595,1449,1692,1447,1594,1594,1594,1594,1594,1594,1594,1594,1594,1594,1008,1251,1006,1583,1586,701,1385,1387,1535,1680,1680,1680,1680,1533,1387,1389,701,1444,1583,1449,1692,1447,1595,1595,1595,1449,1692,1251,1251,1251,1499,148,-1,-1,-1,-1,-1,-1,-1,-1,152,2704,2705,2705,2705,2705,2705,2705,2705,2705,2705,2705,2705,2705,2705,2705,2705,2705,2706,148
-1,201,3041,3042,3042,3042,3042,3042,3042,3042,3042,3091,3091,3091,3092,50,301,397,397,397,395,1446,1499,348,397,296,296,157,54,1446,1692,1499,50,52,52,52,52,52,52,52,52,54,1495,1251,1058,99,1679,701,1434,1680,1680,1680,1680,1680,1680,1680,1680,1438,701,1681,103,1054,1692,1548,50,53,54,1544,1692,1251,1251,1251,1499,148,-1,-1,-1,-1,-1,-1,-1,-1,152,2802,2803,2803,2803,2803,2803,2803,2803,2803,2803,2803,2803,2803,2803,2803,2803,2803,2804,148
-1,201,3041,3042,3042,3042,3042,3042,3042,3042,3043,348,394,397,397,203,250,2704,2705,2705,2706,1446,1499,2704,2705,2705,2706,148,152,1446,1692,1499,246,248,248,248,248,248,248,248,248,250,1495,1251,1058,99,1679,701,1434,1680,1680,1680,1680,1680,1680,1680,1680,1438,701,1681,103,1054,1692,1548,148,-1,103,1544,1692,1251,1251,1251,1499,148,-1,-1,-1,-1,-1,-1,-1,-1,152,62,65,65,65,65,65,65,65,65,65,65,65,65,65,65,65,65,66,148
-1,201,3041,3042,3042,3042,3042,3042,3042,3042,3043,2900,2901,2901,2901,2901,2902,2802,2803,2803,2804,1446,1499,2802,2803,2803,2804,148,152,1446,1692,1692,1399,1399,1399,1399,1399,1399,1399,1399,1399,1399,1547,1251,1058,99,1679,701,1434,1680,1680,1680,1680,1680,1680,1680,1680,1438,701,1681,103,1054,1692,1548,148,-1,103,1544,1692,1251,1251,1251,1499,246,248,248,248,248,248,248,249,249,250,111,357,357,357,357,357,357,357,357,357,357,357,357,357,357,357,357,115,148
-1,201,3041,3042,3042,3042,3042,3042,3042,3042,3042,1399,1399,1399,1399,1399,1399,934,933,933,933,1082,1080,934,934,934,936,148,152,1446,1692,1692,1692,1692,1692,1692,1692,1692,1692,1692,1692,1692,1692,1251,1058,99,1679,701,1434,1680,1680,1680,1680,1680,1680,1680,1680,1438,701,1681,103,1054,1692,1548,148,-1,103,1544,1692,1251,1251,1251,1009,2704,2705,2705,2705,2705,2705,2705,2705,2705,2706,111,357,357,357,357,357,357,357,357,357,357,357,357,357,357,357,357,164,148
-1,152,3041,3042,3091,3091,3091,3091,3091,3091,3091,1595,1595,1595,1595,1595,1595,984,1227,1227,1227,1227,1227,1227,1227,1227,985,148,152,1544,1692,1692,1692,1692,1692,1692,1692,1692,1692,1692,1692,1692,1008,1251,1058,99,1679,701,1434,1680,1680,1680,1680,1680,1680,1680,1680,1438,701,1681,103,1054,1692,1548,148,-1,103,1544,1692,1251,1251,1251,1009,2802,2803,2803,2803,2803,2803,2803,2803,2803,2804,111,357,357,357,357,357,357,357,357,357,357,357,357,357,357,357,357,164,148
-1,152,1446,1450,295,397,397,397,397,397,397,397,397,397,397,397,299,981,1227,1227,1227,1227,1227,1227,1227,1227,985,148,152,1593,1594,1594,1594,1594,1594,1594,1594,1594,1594,1594,1594,1594,1449,1251,1545,1387,1442,701,1581,1582,1437,1680,1680,1680,1680,1435,1582,1585,701,1588,1387,1106,1692,1548,148,-1,103,1544,1692,1692,1251,1251,1545,958,958,958,958,1399,1399,1400,1501,1545,1400,212,357,357,357,357,357,357,357,357,357,357,357,357,357,357,357,357,164,148
-1,152,1446,1450,396,2900,2901,2901,2901,2901,2901,2901,2901,2901,2901,2901,2902,981,1227,1227,1227,1227,1227,1227,1227,1227,985,109,59,296,296,296,296,296,304,296,296,304,296,296,296,299,1054,1251,1447,1583,1586,701,701,701,1434,1680,1680,1680,1680,1536,701,701,701,1444,1583,1008,1692,1548,246,247,250,1544,1692,1692,1692,1692,1692,1692,1251,1251,1447,1595,1595,1596,1596,1596,1596,114,357,357,357,357,357,357,357,357,357,357,357,357,357,357,357,357,164,148
-1,152,1446,1450,396,1397,1399,1399,1399,1399,1399,1399,1399,1399,1399,1399,1399,1082,1227,1227,1227,1227,1227,1227,1227,1227,985,346,2900,2901,2901,2902,2704,2706,346,2900,2902,396,2704,2705,2705,2706,1054,1251,1009,197,1728,1729,1729,1729,1441,1680,1680,1680,1680,1439,1729,1631,1631,1730,103,1495,1251,1545,1399,1399,1399,1547,1547,1692,1692,1692,1692,1692,1692,1251,1450,50,53,53,53,53,54,111,357,357,357,357,357,357,357,357,357,357,357,357,357,357,357,357,164,148
-1,152,1446,1450,396,1740,1595,1595,1595,1595,1595,1595,1595,1595,1595,1595,1595,984,1227,1227,1227,1227,1227,1227,1227,1227,985,346,491,493,493,495,2802,2804,346,956,960,396,2802,2803,2803,2804,1054,1251,1009,246,248,248,248,248,1532,1680,1680,1680,1680,1487,249,249,249,249,250,1495,1251,1251,1692,1692,1692,1692,1692,1692,1692,1692,1692,1692,1692,1251,1450,99,-1,-1,-1,-1,103,258,260,260,114,357,357,357,357,357,357,357,357,357,357,357,357,357,164,148
-1,152,1446,1450,393,397,397,397,397,304,397,397,397,397,397,397,299,981,1227,1227,1227,1227,1227,1227,1227,1227,985,346,589,798,798,639,958,960,396,1005,1009,396,956,958,958,958,1106,1106,1104,1399,1399,1399,1399,1399,1547,1251,1251,1251,1251,1545,1399,1399,1399,1399,1399,1547,1251,1251,1692,1692,1692,1692,1692,1692,1692,1692,1692,1692,1692,1251,1450,99,100,248,248,248,59,394,394,299,160,357,357,357,357,357,357,357,357,357,357,357,357,357,164,148
-1,152,1446,1450,2704,2705,2705,2705,2706,396,2704,2705,2705,2705,2705,2705,2706,981,1227,1227,1227,1227,1227,982,1130,1130,1132,346,687,690,690,690,1008,1058,396,1005,1009,396,1054,1006,1595,1595,1595,1595,1595,1595,1595,1595,1595,1595,1449,1251,1251,1251,1251,1447,1596,1596,1596,1596,1596,1596,1596,1596,1596,1596,1596,1596,1596,1596,1596,1596,1596,1596,1596,1596,1597,99,103,2704,2705,2705,2705,2705,2705,2706,160,357,357,357,357,357,357,357,357,357,357,357,357,357,164,148
-1,152,1446,1450,2802,2803,2803,2803,2804,396,2802,2803,2803,2803,2803,2803,2804,981,1227,1227,1227,1227,1227,1034,50,52,52,154,52,52,52,54,1054,1058,347,1005,1009,347,1005,1058,348,296,296,296,296,296,296,296,157,54,1495,1251,1251,1251,1251,1450,348,394,394,394,394,394,394,394,394,394,394,394,394,394,394,394,394,394,394,394,394,203,251,2802,2803,2803,2803,2803,2803,2804,160,357,357,357,357,357,357,357,357,357,357,357,357,357,164,148
-1,152,1446,1545,1399,1399,1399,1399,1401,396,1397,1399,1399,1399,1399,1399,1399,1082,1227,1227,1227,1227,1227,1034,148,-1,-1,-1,-1,-1,-1,152,1054,1058,2702,1005,1009,2702,1005,1058,2704,2705,2705,2705,2705,2705,2705,2706,99,103,1495,1251,1251,1251,1251,1450,2704,2705,2705,2705,2705,2705,2705,2705,2705,2705,2705,2705,2705,2705,2705,2705,2705,2705,2705,2705,2705,2706,346,62,63,63,63,63,65,1399,212,357,357,357,357,357,357,357,357,357,357,357,357,357,164,148
-1,152,1446,1447,1596,1596,1596,1596,1597,396,1446,1447,1595,1595,1595,1595,1595,1130,1130,1130,1130,1130,1130,1132,109,248,248,248,102,-1,-1,152,1054,1058,2800,1005,1009,2800,1005,1058,2802,2803,2803,2803,2803,2803,2803,2804,148,103,1495,1251,1251,1251,1251,1450,2802,2803,2803,2803,2803,2803,2803,2803,2803,2803,2803,2803,2803,2803,2803,2803,2803,2803,2803,2803,2803,2804,346,111,357,357,357,357,112,1448,114,357,357,357,357,357,357,357,357,357,357,357,357,357,164,148
-1,152,1446,1450,348,394,394,394,394,395,1446,1499,348,296,296,296,296,296,296,296,296,296,296,296,254,2900,2901,2902,246,102,-1,152,1152,503,504,505,505,505,505,505,505,505,505,505,505,505,505,507,148,103,1495,1251,1251,1251,1251,1545,1399,1399,63,64,64,64,64,64,64,64,64,64,64,64,64,64,64,64,64,64,64,66,346,111,357,357,357,357,115,298,160,357,357,357,357,357,357,357,357,357,357,357,357,357,164,148
-1,152,1446,1450,2704,2705,2705,2705,2705,2706,1446,1548,2704,2705,2705,2705,2705,2705,2705,2705,2705,2705,2705,2706,396,2802,2803,2804,2702,246,102,198,54,552,798,798,798,798,798,798,798,798,798,798,798,798,798,654,148,103,1495,1251,1251,1251,1251,1447,1692,1692,357,357,357,357,357,357,357,357,357,357,357,357,357,357,357,357,357,357,357,115,346,111,357,357,357,357,115,346,258,260,260,260,260,260,260,260,260,260,260,260,114,357,164,148
-1,152,1446,1450,2802,2803,2803,2803,2803,2804,1446,1499,2802,2803,2803,2803,2803,2803,2803,2803,2803,2803,2803,2804,396,62,65,66,2800,2702,246,102,103,552,798,798,956,959,959,959,959,959,959,959,959,959,960,654,148,103,1495,1251,1251,1251,1251,1447,1594,1594,114,357,357,357,357,357,357,357,357,357,357,112,261,261,259,261,261,261,261,262,346,111,357,357,357,357,115,256,296,296,157,51,51,51,51,51,51,51,51,54,111,112,262,148
-1,152,503,504,504,504,504,504,504,504,504,504,504,504,504,504,504,504,504,504,504,507,1399,1401,396,209,357,210,66,2800,2702,197,103,552,798,798,1152,1153,1153,1153,1153,1153,1153,1153,1153,1153,1156,654,148,103,1495,1251,1251,1251,1251,1450,50,54,160,357,357,357,357,357,357,357,357,357,357,115,50,52,52,301,394,394,394,394,395,111,357,357,357,357,115,346,2704,2706,148,-1,-1,-1,-1,-1,-1,-1,-1,103,1446,1450,50,200
-1,152,650,798,798,798,798,798,798,798,798,798,798,798,798,798,798,798,798,798,798,556,1545,1496,396,209,357,357,210,66,2800,148,103,699,701,701,555,798,798,798,798,798,798,798,798,798,798,654,148,103,1495,1251,1251,1251,1251,1450,99,152,160,357,357,357,357,357,357,357,357,357,357,115,99,-1,-1,152,2704,2705,2705,2705,2706,111,357,357,357,357,115,346,2802,2804,246,248,248,248,248,248,248,248,248,250,1446,1450,148,-1
-1,152,650,798,798,798,798,798,798,798,798,798,798,553,554,555,798,798,798,798,798,654,1449,1499,347,209,357,357,357,210,66,246,59,394,394,297,699,701,701,701,701,701,701,701,701,701,701,703,148,103,1495,1251,1251,1251,1251,1450,99,152,258,260,260,260,260,260,260,260,260,114,112,262,99,-1,-1,152,2802,2803,2803,2803,2804,111,357,357,357,357,115,346,1397,1401,2704,2705,2705,2705,2705,2705,2705,2705,2705,2706,1446,1450,148,-1
-1,152,650,798,798,798,798,798,798,798,798,798,798,556,298,650,798,798,798,798,798,654,1692,1499,2702,209,357,357,357,357,115,2704,2705,2705,2706,393,296,296,296,296,296,296,304,296,296,296,296,296,203,250,1495,1251,1251,1251,1251,1450,246,59,397,397,397,397,397,304,397,397,299,160,164,348,203,247,102,152,62,63,63,63,63,212,357,357,357,357,115,346,1544,1598,2802,2803,2803,2803,2803,2803,2803,2803,2803,2804,1446,1450,148,-1
-1,152,650,798,798,798,798,798,798,798,798,798,798,556,347,650,798,798,798,798,798,654,1692,1499,2800,209,357,357,357,357,115,2802,2803,2803,2804,2704,2705,2705,2901,2901,2901,2902,396,2704,2705,2705,2705,2705,2705,2706,1005,1251,1251,1251,1251,1009,2704,2705,2705,2705,2705,2705,2706,396,2704,2705,2706,160,164,2704,2705,2706,148,152,258,261,261,261,261,261,261,261,261,261,262,346,1544,1545,1399,1399,1399,1399,1399,1399,1399,1399,1399,1399,1547,1545,148,-1
-1,152,650,798,798,798,798,798,798,798,798,798,798,556,2702,650,798,798,798,798,798,654,1692,1545,1399,212,357,357,357,357,210,63,63,63,66,2802,2803,2804,2803,2803,2803,2804,396,2753,2754,2754,2754,2754,2754,2755,1005,1251,1251,1251,1251,1009,2753,2754,2754,2754,2754,2754,2755,396,2802,2803,2804,160,164,2802,2803,2804,148,198,51,51,51,51,51,51,51,51,51,51,51,107,1593,1594,1595,1449,1447,1447,1595,1595,1595,1595,1595,1595,1595,1553,148,-1
-1,152,650,798,798,798,798,798,798,798,798,798,798,556,2800,650,798,798,798,798,798,654,1692,1692,1595,114,357,357,357,357,357,357,357,357,210,1398,1398,1399,64,63,63,66,396,2753,2754,2754,2754,2754,2754,2755,1005,1251,1251,1251,1251,1009,2753,2754,2754,2754,2754,2754,2755,396,62,64,64,212,210,64,64,66,109,248,248,248,248,248,248,248,248,248,248,248,248,59,296,397,299,1446,1545,1450,50,52,51,51,51,51,51,51,200,-1
-1,152,650,798,798,798,798,798,798,798,798,798,798,651,652,653,798,798,798,798,798,654,1547,1499,298,258,260,260,260,260,260,260,260,260,260,1449,1449,1692,357,357,357,164,396,2802,2803,2803,2803,2803,2803,2804,1005,1251,1251,1251,1251,1009,2802,2803,2803,2803,2803,2803,2804,396,160,357,357,357,357,357,357,115,396,2704,2705,2705,2705,2705,2705,2705,2705,2705,2705,2705,2705,2705,2705,2705,2705,1446,1545,1450,99,-1,-1,-1,-1,-1,-1,-1,-1,-1
-1,152,699,701,701,701,701,701,701,701,701,701,701,700,700,700,700,700,700,700,700,703,1596,1597,256,296,394,394,394,394,394,394,394,394,297,1593,1596,1596,260,260,260,262,396,956,957,957,957,957,957,957,1547,1251,1251,1251,1251,1545,957,957,957,957,957,957,960,396,258,259,259,259,259,259,259,262,396,2802,2803,2803,2803,2803,2803,2803,2803,2803,2803,2803,2803,2803,2803,2803,2803,1446,1545,1450,99,-1,-1,-1,-1,-1,-1,-1,-1,-1
-1,198,52,54,1446,1499,50,51,51,51,301,397,397,299,1495,1450,348,397,397,397,397,397,397,397,395,2704,2705,2705,2705,2705,2705,2705,2705,2706,256,296,296,394,394,394,394,394,395,1005,1251,1251,1251,1251,1251,1251,1251,1251,1251,1251,1251,1251,1251,1251,1251,1251,1251,1251,1107,393,397,397,397,397,397,397,397,157,107,1397,1398,1398,1398,1398,1398,1398,1398,1398,1398,1399,1399,1399,1399,1399,1399,1547,1545,1450,99,-1,-1,-1,-1,-1,-1,-1,-1,-1
-1,-1,-1,152,1446,1499,197,-1,-1,-1,201,2900,2901,2902,1495,1450,2900,2901,2901,2901,2901,2901,2901,2901,2901,2803,2803,2803,2803,2803,2803,2803,2803,2804,396,2704,2705,2705,2705,2705,2705,2705,2706,1005,1251,1251,1251,1251,1251,1251,1251,1251,1251,1251,1251,1251,1251,1251,1251,1251,1251,1251,1107,2704,2705,2705,2705,2705,2705,2705,2706,148,103,1593,1595,1595,1449,1447,1595,1595,1449,1692,1692,1447,1595,1595,1595,1595,1595,1449,1545,1450,99,-1,-1,-1,-1,-1,-1,-1,-1,-1
-1,-1,-1,152,1446,1499,246,247,247,247,250,1397,1398,1398,1547,1545,1398,1398,1398,1398,1398,1398,1398,1398,64,65,65,65,65,65,313,308,308,311,396,2753,2754,2754,2754,2754,2754,2754,2755,1005,1251,1251,1251,1251,1251,1251,1251,1251,1251,1251,1251,1251,1251,1251,1251,1251,1251,1251,1107,2753,2754,2754,2754,2754,2754,2754,2755,148,198,52,52,52,52,52,52,52,52,52,52,52,52,52,52,52,54,1495,1545,1450,99,-1,-1,-1,-1,-1,-1,-1,-1,-1
-1,-1,-1,152,1446,1499,2900,2901,2901,2901,2902,1446,1692,1447,1595,1595,1595,1595,1595,1595,1595,1595,1595,1595,114,357,357,357,357,357,161,295,397,397,395,2753,2754,2754,2754,2754,2754,2754,2755,1005,1251,1251,1251,1251,1251,1251,1251,1251,1251,1251,1251,1251,1251,1251,1251,1251,1251,1251,1107,2753,2754,2754,2754,2754,2754,2754,2755,246,248,248,56,247,247,247,247,247,247,247,247,247,247,247,247,247,250,1495,1545,1450,99,-1,-1,-1,-1,-1,-1,-1,-1,-1
-1,-1,-1,201,1446,1545,1399,1399,1399,1399,1399,1547,1692,1548,50,52,52,52,52,52,301,394,394,297,209,357,357,357,357,357,161,396,2704,2705,2706,2802,2803,2803,2803,2803,2803,2803,2804,1103,1251,1251,1251,1251,1251,1251,1251,1251,1251,1251,1251,1251,1251,1251,1251,1251,1251,1251,1107,2802,2803,2803,2803,2803,2803,2803,2804,2704,2705,2706,346,2900,2901,2901,2901,2901,2901,2901,2901,2901,2901,2901,2901,2901,2902,1495,1545,1450,99,-1,-1,-1,-1,-1,-1,-1,-1,-1
-1,-1,-1,201,1446,1447,1595,1595,1595,1595,1595,1595,1595,1597,148,-1,-1,-1,-1,-1,152,2704,2706,346,209,357,357,357,357,357,161,396,2753,2754,2755,932,933,933,933,933,933,933,933,1227,1227,1227,1227,1227,1227,1227,1227,1227,1227,1227,1227,1227,1227,1227,1227,1227,1227,1227,1227,935,935,935,935,935,935,934,936,2753,2754,2755,396,1397,1398,1399,1399,1399,1399,1399,1399,1399,1399,1399,1399,1399,1399,1547,1545,1450,99,-1,-1,-1,-1,-1,-1,-1,-1,-1
-1,-1,-1,201,1446,1499,50,52,52,52,52,52,52,52,200,-1,-1,-1,-1,-1,152,2802,2804,396,209,357,357,357,357,357,161,396,2753,2754,2755,981,1227,1423,1423,1423,1423,1423,1423,1423,1668,1668,1668,1668,1668,1668,1668,1227,1227,1227,1227,1227,1227,1668,1668,1668,1668,1668,1668,1668,1668,1668,1668,1668,1668,1227,1034,2753,2754,2755,396,1446,1447,1594,1594,1594,1594,1449,1447,1594,1449,1447,1595,1595,1595,1595,1449,1450,99,-1,-1,-1,-1,-1,-1,-1,-1,-1
-1,-1,-1,201,1446,1499,148,-1,-1,-1,-1,-1,-1,-1,-1,-1,-1,-1,-1,-1,152,1397,1644,396,209,357,357,357,357,357,161,396,2802,2803,2804,981,1227,1668,1668,1668,1668,1668,1668,1668,1668,1668,1668,1668,1668,1668,1668,1227,1227,1227,1227,1227,1227,1668,1668,1668,1668,1668,1668,1668,1668,1668,1668,1668,1668,1227,1034,2802,2803,2804,347,1446,1450,50,52,52,52,52,52,52,52,52,52,52,52,54,1446,1450,99,-1,-1,-1,-1,-1,-1,-1,-1,-1
-1,-1,-1,201,1446,1545,148,-1,-1,-1,-1,-1,-1,-1,-1,-1,-1,-1,-1,-1,152,1446,1499,396,209,357,357,357,357,357,161,396,932,933,933,1227,1227,1668,1668,1668,1668,1668,1668,1668,1668,1668,1668,1668,1668,1668,1668,1227,1227,1227,1227,1227,1227,1668,1668,1668,1668,1668,1668,1668,1668,1668,1668,1668,1668,1227,1080,935,935,936,2702,1495,1499,148,-1,-1,-1,-1,-1,-1,-1,-1,-1,-1,-1,103,1446,1450,99,-1,-1,-1,-1,-1,-1,-1,-1,-1
-1,-1,-1,201,1446,1447,148,-1,-1,-1,-1,-1,-1,-1,-1,-1,-1,-1,-1,-1,152,1446,1499,396,209,357,357,357,357,357,161,396,1079,1227,1227,1227,1227,1668,1668,1668,1668,1668,1668,1668,1668,1668,1668,1668,1668,1668,1668,1227,1227,1227,1227,1227,1227,1668,1668,1668,1668,1668,1668,1668,1668,1668,1668,1668,1668,1227,1227,1227,1227,985,2800,1446,1499,148,-1,-1,-1,-1,-1,-1,-1,-1,-1,-1,-1,103,1446,1450,99,-1,-1,-1,-1,-1,-1,-1,-1,-1
-1,-1,-1,201,1446,1499,246,248,248,248,248,248,248,248,248,248,248,248,248,248,250,1446,1499,396,209,357,357,357,357,357,161,396,1079,1227,1227,1227,1227,1668,1668,1668,1668,1668,1668,1668,1668,1668,1668,1668,1668,1668,1668,1227,1227,1227,1227,1227,1227,1668,1668,1668,1668,1668,1668,1668,1668,1668,1668,1668,1668,1227,1227,1227,1227,1080,1399,1547,1499,148,-1,-1,-1,-1,-1,-1,-1,-1,-1,-1,-1,103,1446,1499,99,-1,-1,-1,-1,-1,-1,-1,-1,-1
-1,-1,-1,201,1544,1499,2900,2901,2901,2901,2901,2901,2901,2901,2901,2901,2901,2901,2901,2901,2902,1446,1499,396,209,357,357,357,357,357,161,396,1079,1227,1227,1227,1227,1227,1227,1227,1227,1227,1227,1227,1227,1227,1227,1227,1227,1227,1227,1227,1227,1227,1227,1227,1227,1227,1227,1227,1227,1227,1227,1227,1227,1227,1227,1227,1227,1227,1227,1227,1227,982,1448,1449,1499,246,248,248,248,248,248,248,248,248,248,248,248,251,1446,1450,99,-1,-1,-1,-1,-1,-1,-1,-1,-1
-1,-1,-1,201,1446,1545,1398,1398,1398,1398,1398,1398,1398,1398,1398,1398,1398,1398,1398,1398,1398,1547,1548,396,258,260,260,260,260,260,262,396,1079,1227,1227,1227,1227,1227,1227,1227,1227,1227,1227,1227,1227,1227,1227,1227,1227,1227,1227,1227,1227,1227,1227,1227,1227,1227,1227,1227,1227,1227,1227,1227,1227,1227,1227,1227,1227,1227,1227,1227,1227,985,298,1495,1450,2704,2705,2705,2705,2705,2705,2705,2705,2705,2705,2705,2706,396,1446,1450,246,247,247,247,247,247,247,247,102,-1
-1,-1,-1,201,1446,1447,1595,1595,1595,1595,1595,1595,1595,1595,1595,1595,1595,1595,1595,1595,1595,1595,1742,253,52,52,52,52,52,52,52,107,1079,1227,1227,1227,1227,1227,1227,1227,1227,1227,1227,1227,1227,1227,1227,1227,1227,1227,1227,1227,1227,1227,1227,1227,1227,1227,1227,1227,1227,1227,1227,1227,1227,1227,1227,1227,1227,1227,1227,1227,1227,985,346,1495,1450,2802,2803,2803,2803,2803,2803,2803,2803,2803,2803,2803,2804,396,1446,1450,2704,2705,2705,2705,2705,2705,2705,2706,148,-1
-1,-1,-1,103,1544,1499,348,296,296,296,296,296,296,296,296,296,296,296,296,296,296,296,296,203,248,248,248,248,248,248,248,250,1079,1227,1227,1227,1227,1227,1227,1227,1227,1227,1227,1227,1227,1227,1227,1227,1227,1227,1227,1227,1227,1227,1227,1227,1227,1227,1227,1227,1227,1227,1227,1227,1227,1227,1227,1227,1227,1227,1227,1227,1227,985,346,1495,1545,1399,1399,934,935,935,935,935,935,935,935,935,936,396,1446,1450,2802,2803,2803,2803,2803,2803,2803,2804,148,-1
-1,-1,-1,103,1544,1496,2900,2901,2901,2901,2901,2901,2901,2901,2901,2901,2901,2901,2901,2901,2901,2901,2901,2901,2901,2901,2901,2901,2901,2901,2901,2902,1079,1227,1227,1227,1227,1227,1227,1814,1816,1816,1816,1816,1818,1227,1227,1227,1227,1227,1227,1227,1227,1227,1227,1227,1227,1227,1227,1227,1227,1227,1227,1814,1815,1815,1815,1818,1227,1227,1227,1227,1227,985,346,1495,1692,1692,1692,1227,1227,1227,1227,1227,1227,1227,1227,1227,985,396,1603,1545,1399,1399,1399,1399,1547,1545,1400,1401,148,-1
-1,-1,-1,103,1544,1545,1399,1399,1399,1399,1399,1399,1399,1399,1399,1399,1399,1399,1399,1399,1399,1399,1399,1399,1399,1399,1399,1399,1399,1399,1399,1399,1082,1227,162,1815,1815,1815,1815,1964,2109,2109,2109,2109,1867,1227,1227,1227,1227,1227,1227,1227,1227,1227,1227,1227,1227,1227,1227,1227,1227,1227,1227,1961,2109,2109,2109,1962,1816,1816,1816,1818,1227,985,347,1495,1447,1595,1595,1131,1131,1131,1131,1131,1131,1131,1131,1131,1132,396,1446,1447,1595,1595,1595,1595,1595,1595,1595,1597,148,-1
-1,-1,-1,152,1593,1406,1449,1447,1595,1595,1595,1595,1595,1595,1595,1595,1595,1595,1595,1595,1595,1595,1595,1595,1595,1595,1595,1595,1595,1595,1595,1595,984,1227,1912,2109,2109,2109,2109,1864,2012,2012,2013,2013,2014,1227,1227,1130,1130,1130,1130,1130,1130,1130,1130,1130,1130,1130,1130,1130,1130,1130,984,2010,2012,2012,2109,2109,2109,2109,2109,1916,1227,985,2702,1495,1450,348,296,296,296,296,296,296,296,296,296,296,296,395,1446,1450,50,52,52,52,52,52,52,52,200,-1
100,247,247,59,394,299,1495,1499,348,394,394,394,157,301,394,394,394,394,394,394,394,394,394,394,394,394,394,157,52,52,52,54,1079,1227,1912,2109,2109,2109,2109,1916,1227,1227,1227,1227,1227,1227,1083,50,52,52,52,52,52,52,52,52,52,52,52,52,52,54,1079,1227,1227,1227,1863,2109,2109,2109,2109,1916,1227,985,2800,1495,1450,2900,2901,2901,2901,2901,2901,2901,2901,2901,2901,2901,2901,2902,1446,1450,148,-1,-1,-1,-1,-1,-1,-1,-1,-1
152,2900,2901,2901,2901,2902,1495,1499,2704,2901,2901,2902,99,103,2900,2901,2901,2901,2901,2901,2901,2901,2901,2901,2901,2901,2902,148,-1,-1,-1,103,1079,1227,178,2011,2011,2011,2011,179,1227,1227,1227,1227,1131,1131,1132,109,248,248,248,248,248,248,248,248,248,248,248,248,248,251,1128,984,1227,1227,2010,2011,2013,2013,2013,2014,1227,1080,1398,1547,1545,1398,1398,1398,1398,1398,1398,1398,1398,1398,1398,1398,1398,1398,1547,1450,148,-1,-1,-1,-1,-1,-1,-1,-1,-1
152,2802,2803,2803,2803,2804,1495,1499,2800,2803,2803,2804,99,103,1397,1400,1400,1400,1400,1400,1400,1400,1400,1400,1400,1400,1401,148,-1,-1,-1,103,1079,1227,1227,1227,1227,1227,1227,1227,1227,1227,1227,1083,50,52,52,107,2710,2711,2711,2711,2711,2711,2711,2711,2711,2711,2711,2711,2712,253,54,1079,1227,1227,1227,1227,1227,1227,1227,1227,1227,982,1595,1595,1553,1595,1595,1595,1449,1447,1595,1595,1595,1595,1595,1595,1595,1449,1453,1545,148,-1,-1,-1,-1,-1,-1,-1,-1,-1
152,62,64,64,64,65,111,210,65,64,64,66,99,103,1446,1447,1448,1448,1448,1448,1448,1449,1447,1448,1448,1449,1450,148,-1,-1,-1,103,1128,1129,1129,1129,1129,1129,1129,1129,1129,1129,1129,1132,99,-1,-1,201,2759,2760,2760,2760,2760,2760,2760,2760,2760,2760,2760,2760,2761,99,103,1128,1129,1131,1227,1227,1227,1131,1131,1131,1131,1132,295,394,394,394,394,299,1495,1499,348,394,394,394,394,394,297,1495,1447,1595,148,-1,-1,-1,-1,-1,-1,-1,-1,-1
152,62,64,64,64,64,212,357,357,357,357,115,246,250,1446,1496,348,296,157,51,54,1446,1450,50,54,1495,1450,148,-1,-1,-1,198,52,52,54,1544,1692,1450,298,1495,1692,1499,50,53,200,-1,-1,201,2808,2809,2809,2809,2809,2809,2809,2809,2809,2809,2809,2809,2810,99,198,51,51,54,1446,1692,1548,295,296,296,296,296,395,2704,2705,2705,2705,2706,1495,1499,2704,2705,2705,2705,2705,2706,346,1495,1450,50,200,-1,-1,-1,-1,-1,-1,-1,-1,-1
152,111,357,357,357,357,357,357,357,357,357,115,2704,2706,1446,1450,2704,2706,197,-1,152,1495,1499,197,152,1593,1597,148,-1,-1,-1,-1,-1,-1,103,1544,1692,1450,396,1495,1692,1499,246,247,247,247,247,250,21,21,21,21,21,21,21,21,21,21,21,21,21,246,248,248,248,250,1446,1692,1548,396,2704,2705,2705,2705,2706,2802,2803,2803,2803,2804,1495,1499,2802,2803,2803,2803,2803,2804,346,1495,1450,197,-1,-1,-1,-1,-1,-1,-1,-1,-1,-1
152,111,357,357,357,357,357,357,357,357,357,115,2802,2804,1446,1450,2802,2804,197,-1,152,1495,1499,148,198,301,296,203,248,248,248,248,248,248,251,1544,1692,1450,396,1495,1692,1499,2704,2705,2705,2705,2705,2706,21,21,21,21,21,21,21,21,21,21,21,21,21,2704,2705,2705,2705,2706,1446,1692,1548,396,2802,2803,2803,2803,2804,932,933,933,933,933,933,933,933,933,933,933,933,936,346,1495,1450,197,-1,-1,-1,-1,-1,-1,-1,-1,-1,-1
152,111,357,357,357,357,357,357,357,357,357,210,65,65,212,210,65,66,99,-1,152,1495,1499,148,-1,152,2900,2901,2901,2901,2901,2901,2901,2902,346,1544,1692,1450,396,1495,1692,1499,2802,2803,2803,2803,2803,2804,21,21,21,21,21,21,21,21,21,21,21,21,21,2802,2803,2803,2803,2804,1446,1692,1548,396,1397,1398,934,934,934,1082,1227,1227,1227,1227,1227,1227,1227,1227,1227,1227,1227,985,346,1495,1450,197,-1,-1,-1,-1,-1,-1,-1,-1,-1,-1
152,111,357,357,357,357,357,357,357,357,357,357,357,357,357,357,357,213,246,248,59,397,296,203,248,250,2802,2803,2803,2803,2803,2803,2803,2804,396,1544,1692,1450,396,1495,1692,1545,1398,1398,1398,1398,1398,1398,21,21,21,21,21,21,21,21,21,21,21,21,21,1399,1399,1399,1399,1399,1547,1692,1548,396,1544,1447,1131,1131,1131,1131,1131,1131,1131,1131,1131,1131,1131,1131,1131,1131,1131,1132,346,1456,1450,197,-1,-1,-1,-1,-1,-1,-1,-1,-1,-1
152,111,357,357,357,357,357,357,357,357,357,357,357,357,357,357,357,213,2704,2705,2705,2705,2705,2705,2705,2706,932,934,934,934,934,934,934,936,396,1030,1227,985,396,1495,1692,1692,1692,1692,1692,1692,1692,1692,21,21,21,21,21,21,21,21,21,21,21,21,21,1692,1692,1692,1692,1692,1692,1692,1548,396,1544,1499,348,397,397,397,397,397,397,397,397,397,397,397,397,397,397,397,395,1495,1450,197,-1,-1,-1,-1,-1,-1,-1,-1,-1,-1
152,111,357,357,357,357,357,357,357,357,357,357,357,357,357,357,357,213,2802,2803,2803,2803,2803,2803,2803,2804,981,1227,1227,1227,1227,1227,1227,985,396,981,1227,985,396,1593,1594,1594,1594,1594,1594,1594,1594,1594,21,21,21,21,21,21,21,21,21,21,21,21,21,1595,1595,1595,1595,1595,1595,1595,1597,346,1544,1499,2900,2901,2901,2901,2901,2901,2901,2901,2901,2901,2901,2901,2901,2901,2901,2901,2902,1495,1545,197,-1,-1,-1,-1,-1,-1,-1,-1,-1,-1
152,111,357,357,357,357,357,357,357,357,357,357,357,357,357,357,357,210,1399,1399,1399,1399,1399,1399,1399,1399,1082,1227,1227,1227,1227,1227,1227,985,396,981,1227,985,253,51,51,51,51,51,51,51,51,54,21,21,21,21,21,21,21,21,21,21,21,21,21,50,53,51,51,51,51,51,51,107,1544,1545,1400,1400,1400,1400,1400,1400,1400,1400,1400,1399,1399,1399,1399,1399,1399,1399,1399,1547,1447,197,-1,-1,-1,-1,-1,-1,-1,-1,-1,-1
152,258,259,259,259,259,259,259,259,260,259,259,259,259,259,259,259,259,1595,1595,1595,1595,1595,1595,1595,1595,1131,1131,1131,1131,1131,1131,1131,1132,396,1128,1129,1132,197,-1,-1,-1,-1,-1,-1,-1,-1,198,51,51,51,51,54,21,21,21,50,51,51,51,51,200,-1,-1,-1,-1,-1,-1,-1,152,1593,1594,1596,1596,1596,1596,1596,1596,1596,1596,1596,1596,1596,1596,1596,1596,1596,1596,1596,1596,1597,197,-1,-1,-1,-1,-1,-1,-1,-1,-1,-1
198,199,199,199,199,199,199,199,199,199,199,199,199,199,199,199,199,199,199,199,199,199,199,199,199,199,199,199,52,52,52,52,52,52,154,52,52,52,200,-1,-1,-1,-1,-1,-1,-1,-1,-1,-1,-1,-1,-1,152,21,21,21,148,-1,-1,-1,-1,-1,-1,-1,-1,-1,-1,-1,-1,198,52,52,52,52,52,52,52,52,52,52,52,52,52,52,52,52,52,52,52,52,52,200,-1,-1,-1,-1,-1,-1,-1,-1,-1,-1
